date,day,remaining_days,increment_percent,increment_value,projected_balance,actual_balance,difference,difference_percent
2025-03-05,0,1013,0.0051,-,1_357_945.00,-,-,-
2025-03-06,1,1012,0.0051,6_925.52,1_364_870.52,-,-,-
2025-03-07,2,1011,0.0051,6_960.84,1_371_831.36,-,-,-
2025-03-10,3,1010,0.0051,6_996.34,1_378_827.70,-,-,-
2025-03-11,4,1009,0.0051,7_032.02,1_385_859.72,-,-,-
2025-03-12,5,1008,0.0051,7_067.88,1_392_927.60,-,-,-
2025-03-13,6,1007,0.0051,7_103.93,1_400_031.54,-,-,-
2025-03-14,7,1006,0.0051,7_140.16,1_407_171.70,-,-,-
2025-03-17,8,1005,0.0051,7_176.58,1_414_348.27,-,-,-
2025-03-18,9,1004,0.0051,7_213.18,1_421_561.45,-,-,-
2025-03-19,10,1003,0.0051,7_249.96,1_428_811.41,-,-,-
2025-03-20,11,1002,0.0051,7_286.94,1_436_098.35,-,-,-
2025-03-21,12,1001,0.0051,7_324.10,1_443_422.45,-,-,-
2025-03-24,13,1000,0.0051,7_361.45,1_450_783.91,-,-,-
2025-03-25,14,999,0.0051,7_399.00,1_458_182.90,-,-,-
2025-03-26,15,998,0.0051,7_436.73,1_465_619.64,-,-,-
2025-03-27,16,997,0.0051,7_474.66,1_473_094.30,-,-,-
2025-03-28,17,996,0.0051,7_512.78,1_480_607.08,-,-,-
2025-03-31,18,995,0.0051,7_551.10,1_488_158.17,-,-,-
2025-04-01,19,994,0.0051,7_589.61,1_495_747.78,-,-,-
2025-04-02,20,993,0.0051,7_628.31,1_503_376.09,-,-,-
2025-04-03,21,992,0.0051,7_667.22,1_511_043.31,-,-,-
2025-04-04,22,991,0.0051,7_706.32,1_518_749.63,-,-,-
2025-04-07,23,990,0.0051,7_745.62,1_526_495.26,-,-,-
2025-04-08,24,989,0.0051,7_785.13,1_534_280.38,-,-,-
2025-04-09,25,988,0.0051,7_824.83,1_542_105.21,-,-,-
2025-04-10,26,987,0.0051,7_864.74,1_549_969.95,-,-,-
2025-04-11,27,986,0.0051,7_904.85,1_557_874.80,-,-,-
2025-04-14,28,985,0.0051,7_945.16,1_565_819.96,-,-,-
2025-04-15,29,984,0.0051,7_985.68,1_573_805.64,-,-,-
2025-04-16,30,983,0.0051,8_026.41,1_581_832.05,-,-,-
2025-04-17,31,982,0.0051,8_067.34,1_589_899.39,-,-,-
2025-04-18,32,981,0.0051,8_108.49,1_598_007.88,-,-,-
2025-04-21,33,980,0.0051,8_149.84,1_606_157.72,-,-,-
2025-04-22,34,979,0.0051,8_191.40,1_614_349.12,-,-,-
2025-04-23,35,978,0.0051,8_233.18,1_622_582.30,-,-,-
2025-04-24,36,977,0.0051,8_275.17,1_630_857.47,-,-,-
2025-04-25,37,976,0.0051,8_317.37,1_639_174.85,-,-,-
2025-04-28,38,975,0.0051,8_359.79,1_647_534.64,-,-,-
2025-04-29,39,974,0.0051,8_402.43,1_655_937.06,-,-,-
2025-04-30,40,973,0.0051,8_445.28,1_664_382.34,-,-,-
2025-05-01,41,972,0.0051,8_488.35,1_672_870.69,-,-,-
2025-05-02,42,971,0.0051,8_531.64,1_681_402.33,-,-,-
2025-05-05,43,970,0.0051,8_575.15,1_689_977.49,-,-,-
2025-05-06,44,969,0.0051,8_618.89,1_698_596.37,-,-,-
2025-05-07,45,968,0.0051,8_662.84,1_707_259.21,-,-,-
2025-05-08,46,967,0.0051,8_707.02,1_715_966.23,-,-,-
2025-05-09,47,966,0.0051,8_751.43,1_724_717.66,-,-,-
2025-05-12,48,965,0.0051,8_796.06,1_733_513.72,-,-,-
2025-05-13,49,964,0.0051,8_840.92,1_742_354.64,-,-,-
2025-05-14,50,963,0.0051,8_886.01,1_751_240.65,-,-,-
2025-05-15,51,962,0.0051,8_931.33,1_760_171.98,-,-,-
2025-05-16,52,961,0.0051,8_976.88,1_769_148.86,-,-,-
2025-05-19,53,960,0.0051,9_022.66,1_778_171.51,-,-,-
2025-05-20,54,959,0.0051,9_068.67,1_787_240.19,-,-,-
2025-05-21,55,958,0.0051,9_114.92,1_796_355.11,-,-,-
2025-05-22,56,957,0.0051,9_161.41,1_805_516.53,-,-,-
2025-05-23,57,956,0.0051,9_208.13,1_814_724.66,-,-,-
2025-05-26,58,955,0.0051,9_255.10,1_823_979.76,-,-,-
2025-05-27,59,954,0.0051,9_302.30,1_833_282.05,-,-,-
2025-05-28,60,953,0.0051,9_349.74,1_842_631.79,-,-,-
2025-05-29,61,952,0.0051,9_397.42,1_852_029.21,-,-,-
2025-05-30,62,951,0.0051,9_445.35,1_861_474.56,-,-,-
2025-06-02,63,950,0.0051,9_493.52,1_870_968.08,-,-,-
2025-06-03,64,949,0.0051,9_541.94,1_880_510.02,-,-,-
2025-06-04,65,948,0.0051,9_590.60,1_890_100.62,-,-,-
2025-06-05,66,947,0.0051,9_639.51,1_899_740.13,-,-,-
2025-06-06,67,946,0.0051,9_688.67,1_909_428.81,-,-,-
2025-06-09,68,945,0.0051,9_738.09,1_919_166.89,-,-,-
2025-06-10,69,944,0.0051,9_787.75,1_928_954.65,-,-,-
2025-06-11,70,943,0.0051,9_837.67,1_938_792.31,-,-,-
2025-06-12,71,942,0.0051,9_887.84,1_948_680.16,-,-,-
2025-06-13,72,941,0.0051,9_938.27,1_958_618.42,-,-,-
2025-06-16,73,940,0.0051,9_988.95,1_968_607.38,-,-,-
2025-06-17,74,939,0.0051,10_039.90,1_978_647.28,-,-,-
2025-06-18,75,938,0.0051,10_091.10,1_988_738.38,-,-,-
2025-06-19,76,937,0.0051,10_142.57,1_998_880.94,-,-,-
2025-06-20,77,936,0.0051,10_194.29,2_009_075.24,-,-,-
2025-06-23,78,935,0.0051,10_246.28,2_019_321.52,-,-,-
2025-06-24,79,934,0.0051,10_298.54,2_029_620.06,-,-,-
2025-06-25,80,933,0.0051,10_351.06,2_039_971.12,-,-,-
2025-06-26,81,932,0.0051,10_403.85,2_050_374.97,-,-,-
2025-06-27,82,931,0.0051,10_456.91,2_060_831.89,-,-,-
2025-06-30,83,930,0.0051,10_510.24,2_071_342.13,-,-,-
2025-07-01,84,929,0.0051,10_563.84,2_081_905.97,-,-,-
2025-07-02,85,928,0.0051,10_617.72,2_092_523.69,-,-,-
2025-07-03,86,927,0.0051,10_671.87,2_103_195.57,-,-,-
2025-07-04,87,926,0.0051,10_726.30,2_113_921.86,-,-,-
2025-07-07,88,925,0.0051,10_781.00,2_124_702.86,-,-,-
2025-07-08,89,924,0.0051,10_835.98,2_135_538.85,-,-,-
2025-07-09,90,923,0.0051,10_891.25,2_146_430.10,-,-,-
2025-07-10,91,922,0.0051,10_946.79,2_157_376.89,-,-,-
2025-07-11,92,921,0.0051,11_002.62,2_168_379.51,-,-,-
2025-07-14,93,920,0.0051,11_058.74,2_179_438.25,-,-,-
2025-07-15,94,919,0.0051,11_115.14,2_190_553.38,-,-,-
2025-07-16,95,918,0.0051,11_171.82,2_201_725.21,-,-,-
2025-07-17,96,917,0.0051,11_228.80,2_212_954.00,-,-,-
2025-07-18,97,916,0.0051,11_286.07,2_224_240.07,-,-,-
2025-07-21,98,915,0.0051,11_343.62,2_235_583.69,-,-,-
2025-07-22,99,914,0.0051,11_401.48,2_246_985.17,-,-,-
2025-07-23,100,913,0.0051,11_459.62,2_258_444.79,-,-,-
2025-07-24,101,912,0.0051,11_518.07,2_269_962.86,-,-,-
2025-07-25,102,911,0.0051,11_576.81,2_281_539.67,-,-,-
2025-07-28,103,910,0.0051,11_635.85,2_293_175.53,-,-,-
2025-07-29,104,909,0.0051,11_695.20,2_304_870.72,-,-,-
2025-07-30,105,908,0.0051,11_754.84,2_316_625.56,-,-,-
2025-07-31,106,907,0.0051,11_814.79,2_328_440.35,-,-,-
2025-08-01,107,906,0.0051,11_875.05,2_340_315.40,-,-,-
2025-08-04,108,905,0.0051,11_935.61,2_352_251.01,-,-,-
2025-08-05,109,904,0.0051,11_996.48,2_364_247.49,-,-,-
2025-08-06,110,903,0.0051,12_057.66,2_376_305.15,-,-,-
2025-08-07,111,902,0.0051,12_119.16,2_388_424.31,-,-,-
2025-08-08,112,901,0.0051,12_180.96,2_400_605.27,-,-,-
2025-08-11,113,900,0.0051,12_243.09,2_412_848.36,-,-,-
2025-08-12,114,899,0.0051,12_305.53,2_425_153.88,-,-,-
2025-08-13,115,898,0.0051,12_368.28,2_437_522.17,-,-,-
2025-08-14,116,897,0.0051,12_431.36,2_449_953.53,-,-,-
2025-08-15,117,896,0.0051,12_494.76,2_462_448.29,-,-,-
2025-08-18,118,895,0.0051,12_558.49,2_475_006.78,-,-,-
2025-08-19,119,894,0.0051,12_622.53,2_487_629.31,-,-,-
2025-08-20,120,893,0.0051,12_686.91,2_500_316.22,-,-,-
2025-08-21,121,892,0.0051,12_751.61,2_513_067.84,-,-,-
2025-08-22,122,891,0.0051,12_816.65,2_525_884.48,-,-,-
2025-08-25,123,890,0.0051,12_882.01,2_538_766.49,-,-,-
2025-08-26,124,889,0.0051,12_947.71,2_551_714.20,-,-,-
2025-08-27,125,888,0.0051,13_013.74,2_564_727.94,-,-,-
2025-08-28,126,887,0.0051,13_080.11,2_577_808.06,-,-,-
2025-08-29,127,886,0.0051,13_146.82,2_590_954.88,-,-,-
2025-09-01,128,885,0.0051,13_213.87,2_604_168.75,-,-,-
2025-09-02,129,884,0.0051,13_281.26,2_617_450.01,-,-,-
2025-09-03,130,883,0.0051,13_349.00,2_630_799.00,-,-,-
2025-09-04,131,882,0.0051,13_417.07,2_644_216.08,-,-,-
2025-09-05,132,881,0.0051,13_485.50,2_657_701.58,-,-,-
2025-09-08,133,880,0.0051,13_554.28,2_671_255.86,-,-,-
2025-09-09,134,879,0.0051,13_623.40,2_684_879.26,-,-,-
2025-09-10,135,878,0.0051,13_692.88,2_698_572.15,-,-,-
2025-09-11,136,877,0.0051,13_762.72,2_712_334.87,-,-,-
2025-09-12,137,876,0.0051,13_832.91,2_726_167.77,-,-,-
2025-09-15,138,875,0.0051,13_903.46,2_740_071.23,-,-,-
2025-09-16,139,874,0.0051,13_974.36,2_754_045.59,-,-,-
2025-09-17,140,873,0.0051,14_045.63,2_768_091.23,-,-,-
2025-09-18,141,872,0.0051,14_117.27,2_782_208.49,-,-,-
2025-09-19,142,871,0.0051,14_189.26,2_796_397.75,-,-,-
2025-09-22,143,870,0.0051,14_261.63,2_810_659.38,-,-,-
2025-09-23,144,869,0.0051,14_334.36,2_824_993.75,-,-,-
2025-09-24,145,868,0.0051,14_407.47,2_839_401.21,-,-,-
2025-09-25,146,867,0.0051,14_480.95,2_853_882.16,-,-,-
2025-09-26,147,866,0.0051,14_554.80,2_868_436.96,-,-,-
2025-09-29,148,865,0.0051,14_629.03,2_883_065.99,-,-,-
2025-09-30,149,864,0.0051,14_703.64,2_897_769.62,-,-,-
2025-10-01,150,863,0.0051,14_778.63,2_912_548.25,-,-,-
2025-10-02,151,862,0.0051,14_854.00,2_927_402.24,-,-,-
2025-10-03,152,861,0.0051,14_929.75,2_942_332.00,-,-,-
2025-10-06,153,860,0.0051,15_005.89,2_957_337.89,-,-,-
2025-10-07,154,859,0.0051,15_082.42,2_972_420.31,-,-,-
2025-10-08,155,858,0.0051,15_159.34,2_987_579.66,-,-,-
2025-10-09,156,857,0.0051,15_236.66,3_002_816.31,-,-,-
2025-10-10,157,856,0.0051,15_314.36,3_018_130.68,-,-,-
2025-10-13,158,855,0.0051,15_392.47,3_033_523.14,-,-,-
2025-10-14,159,854,0.0051,15_470.97,3_048_994.11,-,-,-
2025-10-15,160,853,0.0051,15_549.87,3_064_543.98,-,-,-
2025-10-16,161,852,0.0051,15_629.17,3_080_173.15,-,-,-
2025-10-17,162,851,0.0051,15_708.88,3_095_882.04,-,-,-
2025-10-20,163,850,0.0051,15_789.00,3_111_671.04,-,-,-
2025-10-21,164,849,0.0051,15_869.52,3_127_540.56,-,-,-
2025-10-22,165,848,0.0051,15_950.46,3_143_491.02,-,-,-
2025-10-23,166,847,0.0051,16_031.80,3_159_522.82,-,-,-
2025-10-24,167,846,0.0051,16_113.57,3_175_636.39,-,-,-
2025-10-27,168,845,0.0051,16_195.75,3_191_832.13,-,-,-
2025-10-28,169,844,0.0051,16_278.34,3_208_110.48,-,-,-
2025-10-29,170,843,0.0051,16_361.36,3_224_471.84,-,-,-
2025-10-30,171,842,0.0051,16_444.81,3_240_916.64,-,-,-
2025-10-31,172,841,0.0051,16_528.67,3_257_445.32,-,-,-
2025-11-03,173,840,0.0051,16_612.97,3_274_058.29,-,-,-
2025-11-04,174,839,0.0051,16_697.70,3_290_755.99,-,-,-
2025-11-05,175,838,0.0051,16_782.86,3_307_538.84,-,-,-
2025-11-06,176,837,0.0051,16_868.45,3_324_407.29,-,-,-
2025-11-07,177,836,0.0051,16_954.48,3_341_361.77,-,-,-
2025-11-10,178,835,0.0051,17_040.95,3_358_402.71,-,-,-
2025-11-11,179,834,0.0051,17_127.85,3_375_530.57,-,-,-
2025-11-12,180,833,0.0051,17_215.21,3_392_745.77,-,-,-
2025-11-13,181,832,0.0051,17_303.00,3_410_048.78,-,-,-
2025-11-14,182,831,0.0051,17_391.25,3_427_440.03,-,-,-
2025-11-17,183,830,0.0051,17_479.94,3_444_919.97,-,-,-
2025-11-18,184,829,0.0051,17_569.09,3_462_489.06,-,-,-
2025-11-19,185,828,0.0051,17_658.69,3_480_147.76,-,-,-
2025-11-20,186,827,0.0051,17_748.75,3_497_896.51,-,-,-
2025-11-21,187,826,0.0051,17_839.27,3_515_735.78,-,-,-
2025-11-24,188,825,0.0051,17_930.25,3_533_666.03,-,-,-
2025-11-25,189,824,0.0051,18_021.70,3_551_687.73,-,-,-
2025-11-26,190,823,0.0051,18_113.61,3_569_801.34,-,-,-
2025-11-27,191,822,0.0051,18_205.99,3_588_007.33,-,-,-
2025-11-28,192,821,0.0051,18_298.84,3_606_306.16,-,-,-
2025-12-01,193,820,0.0051,18_392.16,3_624_698.32,-,-,-
2025-12-02,194,819,0.0051,18_485.96,3_643_184.29,-,-,-
2025-12-03,195,818,0.0051,18_580.24,3_661_764.53,-,-,-
2025-12-04,196,817,0.0051,18_675.00,3_680_439.52,-,-,-
2025-12-05,197,816,0.0051,18_770.24,3_699_209.77,-,-,-
2025-12-08,198,815,0.0051,18_865.97,3_718_075.74,-,-,-
2025-12-09,199,814,0.0051,18_962.19,3_737_037.92,-,-,-
2025-12-10,200,813,0.0051,19_058.89,3_756_096.82,-,-,-
2025-12-11,201,812,0.0051,19_156.09,3_775_252.91,-,-,-
2025-12-12,202,811,0.0051,19_253.79,3_794_506.70,-,-,-
2025-12-15,203,810,0.0051,19_351.98,3_813_858.68,-,-,-
2025-12-16,204,809,0.0051,19_450.68,3_833_309.36,-,-,-
2025-12-17,205,808,0.0051,19_549.88,3_852_859.24,-,-,-
2025-12-18,206,807,0.0051,19_649.58,3_872_508.82,-,-,-
2025-12-19,207,806,0.0051,19_749.79,3_892_258.62,-,-,-
2025-12-22,208,805,0.0051,19_850.52,3_912_109.14,-,-,-
2025-12-23,209,804,0.0051,19_951.76,3_932_060.89,-,-,-
2025-12-24,210,803,0.0051,20_053.51,3_952_114.40,-,-,-
2025-12-25,211,802,0.0051,20_155.78,3_972_270.19,-,-,-
2025-12-26,212,801,0.0051,20_258.58,3_992_528.77,-,-,-
2025-12-29,213,800,0.0051,20_361.90,4_012_890.66,-,-,-
2025-12-30,214,799,0.0051,20_465.74,4_033_356.40,-,-,-
2025-12-31,215,798,0.0051,20_570.12,4_053_926.52,-,-,-
2026-01-01,216,797,0.0051,20_675.03,4_074_601.55,-,-,-
2026-01-02,217,796,0.0051,20_780.47,4_095_382.02,-,-,-
2026-01-05,218,795,0.0051,20_886.45,4_116_268.46,-,-,-
2026-01-06,219,794,0.0051,20_992.97,4_137_261.43,-,-,-
2026-01-07,220,793,0.0051,21_100.03,4_158_361.47,-,-,-
2026-01-08,221,792,0.0051,21_207.64,4_179_569.11,-,-,-
2026-01-09,222,791,0.0051,21_315.80,4_200_884.91,-,-,-
2026-01-12,223,790,0.0051,21_424.51,4_222_309.42,-,-,-
2026-01-13,224,789,0.0051,21_533.78,4_243_843.20,-,-,-
2026-01-14,225,788,0.0051,21_643.60,4_265_486.80,-,-,-
2026-01-15,226,787,0.0051,21_753.98,4_287_240.79,-,-,-
2026-01-16,227,786,0.0051,21_864.93,4_309_105.71,-,-,-
2026-01-19,228,785,0.0051,21_976.44,4_331_082.15,-,-,-
2026-01-20,229,784,0.0051,22_088.52,4_353_170.67,-,-,-
2026-01-21,230,783,0.0051,22_201.17,4_375_371.84,-,-,-
2026-01-22,231,782,0.0051,22_314.40,4_397_686.24,-,-,-
2026-01-23,232,781,0.0051,22_428.20,4_420_114.44,-,-,-
2026-01-26,233,780,0.0051,22_542.58,4_442_657.02,-,-,-
2026-01-27,234,779,0.0051,22_657.55,4_465_314.57,-,-,-
2026-01-28,235,778,0.0051,22_773.10,4_488_087.68,-,-,-
2026-01-29,236,777,0.0051,22_889.25,4_510_976.92,-,-,-
2026-01-30,237,776,0.0051,23_005.98,4_533_982.91,-,-,-
2026-02-02,238,775,0.0051,23_123.31,4_557_106.22,-,-,-
2026-02-03,239,774,0.0051,23_241.24,4_580_347.46,-,-,-
2026-02-04,240,773,0.0051,23_359.77,4_603_707.23,-,-,-
2026-02-05,241,772,0.0051,23_478.91,4_627_186.14,-,-,-
2026-02-06,242,771,0.0051,23_598.65,4_650_784.79,-,-,-
2026-02-09,243,770,0.0051,23_719.00,4_674_503.79,-,-,-
2026-02-10,244,769,0.0051,23_839.97,4_698_343.76,-,-,-
2026-02-11,245,768,0.0051,23_961.55,4_722_305.31,-,-,-
2026-02-12,246,767,0.0051,24_083.76,4_746_389.07,-,-,-
2026-02-13,247,766,0.0051,24_206.58,4_770_595.66,-,-,-
2026-02-16,248,765,0.0051,24_330.04,4_794_925.69,-,-,-
2026-02-17,249,764,0.0051,24_454.12,4_819_379.81,-,-,-
2026-02-18,250,763,0.0051,24_578.84,4_843_958.65,-,-,-
2026-02-19,251,762,0.0051,24_704.19,4_868_662.84,-,-,-
2026-02-20,252,761,0.0051,24_830.18,4_893_493.02,-,-,-
2026-02-23,253,760,0.0051,24_956.81,4_918_449.84,-,-,-
2026-02-24,254,759,0.0051,25_084.09,4_943_533.93,-,-,-
2026-02-25,255,758,0.0051,25_212.02,4_968_745.95,-,-,-
2026-02-26,256,757,0.0051,25_340.60,4_994_086.56,-,-,-
2026-02-27,257,756,0.0051,25_469.84,5_019_556.40,-,-,-
2026-03-02,258,755,0.0051,25_599.74,5_045_156.14,-,-,-
2026-03-03,259,754,0.0051,25_730.30,5_070_886.43,-,-,-
2026-03-04,260,753,0.0051,25_861.52,5_096_747.95,-,-,-
2026-03-05,261,752,0.0051,25_993.41,5_122_741.37,-,-,-
2026-03-06,262,751,0.0051,26_125.98,5_148_867.35,-,-,-
2026-03-09,263,750,0.0051,26_259.22,5_175_126.57,-,-,-
2026-03-10,264,749,0.0051,26_393.15,5_201_519.72,-,-,-
2026-03-11,265,748,0.0051,26_527.75,5_228_047.47,-,-,-
2026-03-12,266,747,0.0051,26_663.04,5_254_710.51,-,-,-
2026-03-13,267,746,0.0051,26_799.02,5_281_509.53,-,-,-
2026-03-16,268,745,0.0051,26_935.70,5_308_445.23,-,-,-
2026-03-17,269,744,0.0051,27_073.07,5_335_518.30,-,-,-
2026-03-18,270,743,0.0051,27_211.14,5_362_729.45,-,-,-
2026-03-19,271,742,0.0051,27_349.92,5_390_079.37,-,-,-
2026-03-20,272,741,0.0051,27_489.40,5_417_568.77,-,-,-
2026-03-23,273,740,0.0051,27_629.60,5_445_198.37,-,-,-
2026-03-24,274,739,0.0051,27_770.51,5_472_968.88,-,-,-
2026-03-25,275,738,0.0051,27_912.14,5_500_881.03,-,-,-
2026-03-26,276,737,0.0051,28_054.49,5_528_935.52,-,-,-
2026-03-27,277,736,0.0051,28_197.57,5_557_133.09,-,-,-
2026-03-30,278,735,0.0051,28_341.38,5_585_474.47,-,-,-
2026-03-31,279,734,0.0051,28_485.92,5_613_960.39,-,-,-
2026-04-01,280,733,0.0051,28_631.20,5_642_591.59,-,-,-
2026-04-02,281,732,0.0051,28_777.22,5_671_368.80,-,-,-
2026-04-03,282,731,0.0051,28_923.98,5_700_292.78,-,-,-
2026-04-06,283,730,0.0051,29_071.49,5_729_364.28,-,-,-
2026-04-07,284,729,0.0051,29_219.76,5_758_584.04,-,-,-
2026-04-08,285,728,0.0051,29_368.78,5_787_952.81,-,-,-
2026-04-09,286,727,0.0051,29_518.56,5_817_471.37,-,-,-
2026-04-10,287,726,0.0051,29_669.10,5_847_140.48,-,-,-
2026-04-13,288,725,0.0051,29_820.42,5_876_960.89,-,-,-
2026-04-14,289,724,0.0051,29_972.50,5_906_933.39,-,-,-
2026-04-15,290,723,0.0051,30_125.36,5_937_058.76,-,-,-
2026-04-16,291,722,0.0051,30_279.00,5_967_337.75,-,-,-
2026-04-17,292,721,0.0051,30_433.42,5_997_771.18,-,-,-
2026-04-20,293,720,0.0051,30_588.63,6_028_359.81,-,-,-
2026-04-21,294,719,0.0051,30_744.64,6_059_104.45,-,-,-
2026-04-22,295,718,0.0051,30_901.43,6_090_005.88,-,-,-
2026-04-23,296,717,0.0051,31_059.03,6_121_064.91,-,-,-
2026-04-24,297,716,0.0051,31_217.43,6_152_282.34,-,-,-
2026-04-27,298,715,0.0051,31_376.64,6_183_658.98,-,-,-
2026-04-28,299,714,0.0051,31_536.66,6_215_195.64,-,-,-
2026-04-29,300,713,0.0051,31_697.50,6_246_893.14,-,-,-
2026-04-30,301,712,0.0051,31_859.16,6_278_752.29,-,-,-
2026-05-01,302,711,0.0051,32_021.64,6_310_773.93,-,-,-
2026-05-04,303,710,0.0051,32_184.95,6_342_958.88,-,-,-
2026-05-05,304,709,0.0051,32_349.09,6_375_307.97,-,-,-
2026-05-06,305,708,0.0051,32_514.07,6_407_822.04,-,-,-
2026-05-07,306,707,0.0051,32_679.89,6_440_501.93,-,-,-
2026-05-08,307,706,0.0051,32_846.56,6_473_348.49,-,-,-
2026-05-11,308,705,0.0051,33_014.08,6_506_362.57,-,-,-
2026-05-12,309,704,0.0051,33_182.45,6_539_545.02,-,-,-
2026-05-13,310,703,0.0051,33_351.68,6_572_896.70,-,-,-
2026-05-14,311,702,0.0051,33_521.77,6_606_418.47,-,-,-
2026-05-15,312,701,0.0051,33_692.73,6_640_111.20,-,-,-
2026-05-18,313,700,0.0051,33_864.57,6_673_975.77,-,-,-
2026-05-19,314,699,0.0051,34_037.28,6_708_013.05,-,-,-
2026-05-20,315,698,0.0051,34_210.87,6_742_223.91,-,-,-
2026-05-21,316,697,0.0051,34_385.34,6_776_609.25,-,-,-
2026-05-22,317,696,0.0051,34_560.71,6_811_169.96,-,-,-
2026-05-25,318,695,0.0051,34_736.97,6_845_906.93,-,-,-
2026-05-26,319,694,0.0051,34_914.13,6_880_821.05,-,-,-
2026-05-27,320,693,0.0051,35_092.19,6_915_913.24,-,-,-
2026-05-28,321,692,0.0051,35_271.16,6_951_184.40,-,-,-
2026-05-29,322,691,0.0051,35_451.04,6_986_635.44,-,-,-
2026-06-01,323,690,0.0051,35_631.84,7_022_267.28,-,-,-
2026-06-02,324,689,0.0051,35_813.56,7_058_080.84,-,-,-
2026-06-03,325,688,0.0051,35_996.21,7_094_077.06,-,-,-
2026-06-04,326,687,0.0051,36_179.79,7_130_256.85,-,-,-
2026-06-05,327,686,0.0051,36_364.31,7_166_621.16,-,-,-
2026-06-08,328,685,0.0051,36_549.77,7_203_170.93,-,-,-
2026-06-09,329,684,0.0051,36_736.17,7_239_907.10,-,-,-
2026-06-10,330,683,0.0051,36_923.53,7_276_830.62,-,-,-
2026-06-11,331,682,0.0051,37_111.84,7_313_942.46,-,-,-
2026-06-12,332,681,0.0051,37_301.11,7_351_243.57,-,-,-
2026-06-15,333,680,0.0051,37_491.34,7_388_734.91,-,-,-
2026-06-16,334,679,0.0051,37_682.55,7_426_417.46,-,-,-
2026-06-17,335,678,0.0051,37_874.73,7_464_292.19,-,-,-
2026-06-18,336,677,0.0051,38_067.89,7_502_360.08,-,-,-
2026-06-19,337,676,0.0051,38_262.04,7_540_622.11,-,-,-
2026-06-22,338,675,0.0051,38_457.17,7_579_079.29,-,-,-
2026-06-23,339,674,0.0051,38_653.30,7_617_732.59,-,-,-
2026-06-24,340,673,0.0051,38_850.44,7_656_583.03,-,-,-
2026-06-25,341,672,0.0051,39_048.57,7_695_631.60,-,-,-
2026-06-26,342,671,0.0051,39_247.72,7_734_879.32,-,-,-
2026-06-29,343,670,0.0051,39_447.88,7_774_327.21,-,-,-
2026-06-30,344,669,0.0051,39_649.07,7_813_976.27,-,-,-
2026-07-01,345,668,0.0051,39_851.28,7_853_827.55,-,-,-
2026-07-02,346,667,0.0051,40_054.52,7_893_882.07,-,-,-
2026-07-03,347,666,0.0051,40_258.80,7_934_140.87,-,-,-
2026-07-06,348,665,0.0051,40_464.12,7_974_604.99,-,-,-
2026-07-07,349,664,0.0051,40_670.49,8_015_275.48,-,-,-
2026-07-08,350,663,0.0051,40_877.90,8_056_153.38,-,-,-
2026-07-09,351,662,0.0051,41_086.38,8_097_239.76,-,-,-
2026-07-10,352,661,0.0051,41_295.92,8_138_535.69,-,-,-
2026-07-13,353,660,0.0051,41_506.53,8_180_042.22,-,-,-
2026-07-14,354,659,0.0051,41_718.22,8_221_760.43,-,-,-
2026-07-15,355,658,0.0051,41_930.98,8_263_691.41,-,-,-
2026-07-16,356,657,0.0051,42_144.83,8_305_836.24,-,-,-
2026-07-17,357,656,0.0051,42_359.76,8_348_196.00,-,-,-
2026-07-20,358,655,0.0051,42_575.80,8_390_771.80,-,-,-
2026-07-21,359,654,0.0051,42_792.94,8_433_564.74,-,-,-
2026-07-22,360,653,0.0051,43_011.18,8_476_575.92,-,-,-
2026-07-23,361,652,0.0051,43_230.54,8_519_806.46,-,-,-
2026-07-24,362,651,0.0051,43_451.01,8_563_257.47,-,-,-
2026-07-27,363,650,0.0051,43_672.61,8_606_930.08,-,-,-
2026-07-28,364,649,0.0051,43_895.34,8_650_825.43,-,-,-
2026-07-29,365,648,0.0051,44_119.21,8_694_944.63,-,-,-
2026-07-30,366,647,0.0051,44_344.22,8_739_288.85,-,-,-
2026-07-31,367,646,0.0051,44_570.37,8_783_859.23,-,-,-
2026-08-03,368,645,0.0051,44_797.68,8_828_656.91,-,-,-
2026-08-04,369,644,0.0051,45_026.15,8_873_683.06,-,-,-
2026-08-05,370,643,0.0051,45_255.78,8_918_938.84,-,-,-
2026-08-06,371,642,0.0051,45_486.59,8_964_425.43,-,-,-
2026-08-07,372,641,0.0051,45_718.57,9_010_144.00,-,-,-
2026-08-10,373,640,0.0051,45_951.73,9_056_095.73,-,-,-
2026-08-11,374,639,0.0051,46_186.09,9_102_281.82,-,-,-
2026-08-12,375,638,0.0051,46_421.64,9_148_703.46,-,-,-
2026-08-13,376,637,0.0051,46_658.39,9_195_361.85,-,-,-
2026-08-14,377,636,0.0051,46_896.35,9_242_258.19,-,-,-
2026-08-17,378,635,0.0051,47_135.52,9_289_393.71,-,-,-
2026-08-18,379,634,0.0051,47_375.91,9_336_769.62,-,-,-
2026-08-19,380,633,0.0051,47_617.53,9_384_387.14,-,-,-
2026-08-20,381,632,0.0051,47_860.37,9_432_247.52,-,-,-
2026-08-21,382,631,0.0051,48_104.46,9_480_351.98,-,-,-
2026-08-24,383,630,0.0051,48_349.80,9_528_701.77,-,-,-
2026-08-25,384,629,0.0051,48_596.38,9_577_298.15,-,-,-
2026-08-26,385,628,0.0051,48_844.22,9_626_142.37,-,-,-
2026-08-27,386,627,0.0051,49_093.33,9_675_235.70,-,-,-
2026-08-28,387,626,0.0051,49_343.70,9_724_579.40,-,-,-
2026-08-31,388,625,0.0051,49_595.35,9_774_174.76,-,-,-
2026-09-01,389,624,0.0051,49_848.29,9_824_023.05,-,-,-
2026-09-02,390,623,0.0051,50_102.52,9_874_125.57,-,-,-
2026-09-03,391,622,0.0051,50_358.04,9_924_483.61,-,-,-
2026-09-04,392,621,0.0051,50_614.87,9_975_098.47,-,-,-
2026-09-07,393,620,0.0051,50_873.00,10_025_971.47,-,-,-
2026-09-08,394,619,0.0051,51_132.45,10_077_103.93,-,-,-
2026-09-09,395,618,0.0051,51_393.23,10_128_497.16,-,-,-
2026-09-10,396,617,0.0051,51_655.34,10_180_152.49,-,-,-
2026-09-11,397,616,0.0051,51_918.78,10_232_071.27,-,-,-
2026-09-14,398,615,0.0051,52_183.56,10_284_254.84,-,-,-
2026-09-15,399,614,0.0051,52_449.70,10_336_704.54,-,-,-
2026-09-16,400,613,0.0051,52_717.19,10_389_421.73,-,-,-
2026-09-17,401,612,0.0051,52_986.05,10_442_407.78,-,-,-
2026-09-18,402,611,0.0051,53_256.28,10_495_664.06,-,-,-
2026-09-21,403,610,0.0051,53_527.89,10_549_191.95,-,-,-
2026-09-22,404,609,0.0051,53_800.88,10_602_992.82,-,-,-
2026-09-23,405,608,0.0051,54_075.26,10_657_068.09,-,-,-
2026-09-24,406,607,0.0051,54_351.05,10_711_419.14,-,-,-
2026-09-25,407,606,0.0051,54_628.24,10_766_047.37,-,-,-
2026-09-28,408,605,0.0051,54_906.84,10_820_954.21,-,-,-
2026-09-29,409,604,0.0051,55_186.87,10_876_141.08,-,-,-
2026-09-30,410,603,0.0051,55_468.32,10_931_609.40,-,-,-
2026-10-01,411,602,0.0051,55_751.21,10_987_360.61,-,-,-
2026-10-02,412,601,0.0051,56_035.54,11_043_396.15,-,-,-
2026-10-05,413,600,0.0051,56_321.32,11_099_717.47,-,-,-
2026-10-06,414,599,0.0051,56_608.56,11_156_326.03,-,-,-
2026-10-07,415,598,0.0051,56_897.26,11_213_223.29,-,-,-
2026-10-08,416,597,0.0051,57_187.44,11_270_410.73,-,-,-
2026-10-09,417,596,0.0051,57_479.09,11_327_889.82,-,-,-
2026-10-12,418,595,0.0051,57_772.24,11_385_662.06,-,-,-
2026-10-13,419,594,0.0051,58_066.88,11_443_728.94,-,-,-
2026-10-14,420,593,0.0051,58_363.02,11_502_091.96,-,-,-
2026-10-15,421,592,0.0051,58_660.67,11_560_752.62,-,-,-
2026-10-16,422,591,0.0051,58_959.84,11_619_712.46,-,-,-
2026-10-19,423,590,0.0051,59_260.53,11_678_973.00,-,-,-
2026-10-20,424,589,0.0051,59_562.76,11_738_535.76,-,-,-
2026-10-21,425,588,0.0051,59_866.53,11_798_402.29,-,-,-
2026-10-22,426,587,0.0051,60_171.85,11_858_574.14,-,-,-
2026-10-23,427,586,0.0051,60_478.73,11_919_052.87,-,-,-
2026-10-26,428,585,0.0051,60_787.17,11_979_840.04,-,-,-
2026-10-27,429,584,0.0051,61_097.18,12_040_937.22,-,-,-
2026-10-28,430,583,0.0051,61_408.78,12_102_346.00,-,-,-
2026-10-29,431,582,0.0051,61_721.96,12_164_067.97,-,-,-
2026-10-30,432,581,0.0051,62_036.75,12_226_104.72,-,-,-
2026-11-02,433,580,0.0051,62_353.13,12_288_457.85,-,-,-
2026-11-03,434,579,0.0051,62_671.14,12_351_128.98,-,-,-
2026-11-04,435,578,0.0051,62_990.76,12_414_119.74,-,-,-
2026-11-05,436,577,0.0051,63_312.01,12_477_431.75,-,-,-
2026-11-06,437,576,0.0051,63_634.90,12_541_066.66,-,-,-
2026-11-09,438,575,0.0051,63_959.44,12_605_026.09,-,-,-
2026-11-10,439,574,0.0051,64_285.63,12_669_311.73,-,-,-
2026-11-11,440,573,0.0051,64_613.49,12_733_925.22,-,-,-
2026-11-12,441,572,0.0051,64_943.02,12_798_868.24,-,-,-
2026-11-13,442,571,0.0051,65_274.23,12_864_142.46,-,-,-
2026-11-16,443,570,0.0051,65_607.13,12_929_749.59,-,-,-
2026-11-17,444,569,0.0051,65_941.72,12_995_691.31,-,-,-
2026-11-18,445,568,0.0051,66_278.03,13_061_969.34,-,-,-
2026-11-19,446,567,0.0051,66_616.04,13_128_585.38,-,-,-
2026-11-20,447,566,0.0051,66_955.79,13_195_541.17,-,-,-
2026-11-23,448,565,0.0051,67_297.26,13_262_838.43,-,-,-
2026-11-24,449,564,0.0051,67_640.48,13_330_478.90,-,-,-
2026-11-25,450,563,0.0051,67_985.44,13_398_464.35,-,-,-
2026-11-26,451,562,0.0051,68_332.17,13_466_796.52,-,-,-
2026-11-27,452,561,0.0051,68_680.66,13_535_477.18,-,-,-
2026-11-30,453,560,0.0051,69_030.93,13_604_508.11,-,-,-
2026-12-01,454,559,0.0051,69_382.99,13_673_891.10,-,-,-
2026-12-02,455,558,0.0051,69_736.84,13_743_627.95,-,-,-
2026-12-03,456,557,0.0051,70_092.50,13_813_720.45,-,-,-
2026-12-04,457,556,0.0051,70_449.97,13_884_170.42,-,-,-
2026-12-07,458,555,0.0051,70_809.27,13_954_979.69,-,-,-
2026-12-08,459,554,0.0051,71_170.40,14_026_150.09,-,-,-
2026-12-09,460,553,0.0051,71_533.37,14_097_683.46,-,-,-
2026-12-10,461,552,0.0051,71_898.19,14_169_581.64,-,-,-
2026-12-11,462,551,0.0051,72_264.87,14_241_846.51,-,-,-
2026-12-14,463,550,0.0051,72_633.42,14_314_479.92,-,-,-
2026-12-15,464,549,0.0051,73_003.85,14_387_483.77,-,-,-
2026-12-16,465,548,0.0051,73_376.17,14_460_859.94,-,-,-
2026-12-17,466,547,0.0051,73_750.39,14_534_610.32,-,-,-
2026-12-18,467,546,0.0051,74_126.51,14_608_736.84,-,-,-
2026-12-21,468,545,0.0051,74_504.56,14_683_241.40,-,-,-
2026-12-22,469,544,0.0051,74_884.53,14_758_125.93,-,-,-
2026-12-23,470,543,0.0051,75_266.44,14_833_392.37,-,-,-
2026-12-24,471,542,0.0051,75_650.30,14_909_042.67,-,-,-
2026-12-25,472,541,0.0051,76_036.12,14_985_078.79,-,-,-
2026-12-28,473,540,0.0051,76_423.90,15_061_502.69,-,-,-
2026-12-29,474,539,0.0051,76_813.66,15_138_316.35,-,-,-
2026-12-30,475,538,0.0051,77_205.41,15_215_521.77,-,-,-
2026-12-31,476,537,0.0051,77_599.16,15_293_120.93,-,-,-
2027-01-01,477,536,0.0051,77_994.92,15_371_115.84,-,-,-
2027-01-04,478,535,0.0051,78_392.69,15_449_508.53,-,-,-
2027-01-05,479,534,0.0051,78_792.49,15_528_301.03,-,-,-
2027-01-06,480,533,0.0051,79_194.34,15_607_495.36,-,-,-
2027-01-07,481,532,0.0051,79_598.23,15_687_093.59,-,-,-
2027-01-08,482,531,0.0051,80_004.18,15_767_097.77,-,-,-
2027-01-11,483,530,0.0051,80_412.20,15_847_509.97,-,-,-
2027-01-12,484,529,0.0051,80_822.30,15_928_332.27,-,-,-
2027-01-13,485,528,0.0051,81_234.49,16_009_566.76,-,-,-
2027-01-14,486,527,0.0051,81_648.79,16_091_215.55,-,-,-
2027-01-15,487,526,0.0051,82_065.20,16_173_280.75,-,-,-
2027-01-18,488,525,0.0051,82_483.73,16_255_764.48,-,-,-
2027-01-19,489,524,0.0051,82_904.40,16_338_668.88,-,-,-
2027-01-20,490,523,0.0051,83_327.21,16_421_996.09,-,-,-
2027-01-21,491,522,0.0051,83_752.18,16_505_748.27,-,-,-
2027-01-22,492,521,0.0051,84_179.32,16_589_927.59,-,-,-
2027-01-25,493,520,0.0051,84_608.63,16_674_536.22,-,-,-
2027-01-26,494,519,0.0051,85_040.13,16_759_576.35,-,-,-
2027-01-27,495,518,0.0051,85_473.84,16_845_050.19,-,-,-
2027-01-28,496,517,0.0051,85_909.76,16_930_959.95,-,-,-
2027-01-29,497,516,0.0051,86_347.90,17_017_307.85,-,-,-
2027-02-01,498,515,0.0051,86_788.27,17_104_096.12,-,-,-
2027-02-02,499,514,0.0051,87_230.89,17_191_327.01,-,-,-
2027-02-03,500,513,0.0051,87_675.77,17_279_002.77,-,-,-
2027-02-04,501,512,0.0051,88_122.91,17_367_125.69,-,-,-
2027-02-05,502,511,0.0051,88_572.34,17_455_698.03,-,-,-
2027-02-08,503,510,0.0051,89_024.06,17_544_722.09,-,-,-
2027-02-09,504,509,0.0051,89_478.08,17_634_200.17,-,-,-
2027-02-10,505,508,0.0051,89_934.42,17_724_134.59,-,-,-
2027-02-11,506,507,0.0051,90_393.09,17_814_527.68,-,-,-
2027-02-12,507,506,0.0051,90_854.09,17_905_381.77,-,-,-
2027-02-15,508,505,0.0051,91_317.45,17_996_699.22,-,-,-
2027-02-16,509,504,0.0051,91_783.17,18_088_482.38,-,-,-
2027-02-17,510,503,0.0051,92_251.26,18_180_733.64,-,-,-
2027-02-18,511,502,0.0051,92_721.74,18_273_455.38,-,-,-
2027-02-19,512,501,0.0051,93_194.62,18_366_650.01,-,-,-
2027-02-22,513,500,0.0051,93_669.92,18_460_319.92,-,-,-
2027-02-23,514,499,0.0051,94_147.63,18_554_467.55,-,-,-
2027-02-24,515,498,0.0051,94_627.78,18_649_095.34,-,-,-
2027-02-25,516,497,0.0051,95_110.39,18_744_205.72,-,-,-
2027-02-26,517,496,0.0051,95_595.45,18_839_801.17,-,-,-
2027-03-01,518,495,0.0051,96_082.99,18_935_884.16,-,-,-
2027-03-02,519,494,0.0051,96_573.01,19_032_457.17,-,-,-
2027-03-03,520,493,0.0051,97_065.53,19_129_522.70,-,-,-
2027-03-04,521,492,0.0051,97_560.57,19_227_083.27,-,-,-
2027-03-05,522,491,0.0051,98_058.12,19_325_141.39,-,-,-
2027-03-08,523,490,0.0051,98_558.22,19_423_699.61,-,-,-
2027-03-09,524,489,0.0051,99_060.87,19_522_760.48,-,-,-
2027-03-10,525,488,0.0051,99_566.08,19_622_326.56,-,-,-
2027-03-11,526,487,0.0051,100_073.87,19_722_400.42,-,-,-
2027-03-12,527,486,0.0051,100_584.24,19_822_984.67,-,-,-
2027-03-15,528,485,0.0051,101_097.22,19_924_081.89,-,-,-
2027-03-16,529,484,0.0051,101_612.82,20_025_694.71,-,-,-
2027-03-17,530,483,0.0051,102_131.04,20_127_825.75,-,-,-
2027-03-18,531,482,0.0051,102_651.91,20_230_477.66,-,-,-
2027-03-19,532,481,0.0051,103_175.44,20_333_653.10,-,-,-
2027-03-22,533,480,0.0051,103_701.63,20_437_354.73,-,-,-
2027-03-23,534,479,0.0051,104_230.51,20_541_585.24,-,-,-
2027-03-24,535,478,0.0051,104_762.08,20_646_347.32,-,-,-
2027-03-25,536,477,0.0051,105_296.37,20_751_643.69,-,-,-
2027-03-26,537,476,0.0051,105_833.38,20_857_477.07,-,-,-
2027-03-29,538,475,0.0051,106_373.13,20_963_850.21,-,-,-
2027-03-30,539,474,0.0051,106_915.64,21_070_765.84,-,-,-
2027-03-31,540,473,0.0051,107_460.91,21_178_226.75,-,-,-
2027-04-01,541,472,0.0051,108_008.96,21_286_235.71,-,-,-
2027-04-02,542,471,0.0051,108_559.80,21_394_795.51,-,-,-
2027-04-05,543,470,0.0051,109_113.46,21_503_908.97,-,-,-
2027-04-06,544,469,0.0051,109_669.94,21_613_578.90,-,-,-
2027-04-07,545,468,0.0051,110_229.25,21_723_808.15,-,-,-
2027-04-08,546,467,0.0051,110_791.42,21_834_599.57,-,-,-
2027-04-09,547,466,0.0051,111_356.46,21_945_956.03,-,-,-
2027-04-12,548,465,0.0051,111_924.38,22_057_880.41,-,-,-
2027-04-13,549,464,0.0051,112_495.19,22_170_375.60,-,-,-
2027-04-14,550,463,0.0051,113_068.92,22_283_444.51,-,-,-
2027-04-15,551,462,0.0051,113_645.57,22_397_090.08,-,-,-
2027-04-16,552,461,0.0051,114_225.16,22_511_315.24,-,-,-
2027-04-19,553,460,0.0051,114_807.71,22_626_122.95,-,-,-
2027-04-20,554,459,0.0051,115_393.23,22_741_516.18,-,-,-
2027-04-21,555,458,0.0051,115_981.73,22_857_497.91,-,-,-
2027-04-22,556,457,0.0051,116_573.24,22_974_071.15,-,-,-
2027-04-23,557,456,0.0051,117_167.76,23_091_238.91,-,-,-
2027-04-26,558,455,0.0051,117_765.32,23_209_004.23,-,-,-
2027-04-27,559,454,0.0051,118_365.92,23_327_370.15,-,-,-
2027-04-28,560,453,0.0051,118_969.59,23_446_339.74,-,-,-
2027-04-29,561,452,0.0051,119_576.33,23_565_916.07,-,-,-
2027-04-30,562,451,0.0051,120_186.17,23_686_102.24,-,-,-
2027-05-03,563,450,0.0051,120_799.12,23_806_901.36,-,-,-
2027-05-04,564,449,0.0051,121_415.20,23_928_316.56,-,-,-
2027-05-05,565,448,0.0051,122_034.41,24_050_350.98,-,-,-
2027-05-06,566,447,0.0051,122_656.79,24_173_007.77,-,-,-
2027-05-07,567,446,0.0051,123_282.34,24_296_290.10,-,-,-
2027-05-10,568,445,0.0051,123_911.08,24_420_201.18,-,-,-
2027-05-11,569,444,0.0051,124_543.03,24_544_744.21,-,-,-
2027-05-12,570,443,0.0051,125_178.20,24_669_922.41,-,-,-
2027-05-13,571,442,0.0051,125_816.60,24_795_739.01,-,-,-
2027-05-14,572,441,0.0051,126_458.27,24_922_197.28,-,-,-
2027-05-17,573,440,0.0051,127_103.21,25_049_300.49,-,-,-
2027-05-18,574,439,0.0051,127_751.43,25_177_051.92,-,-,-
2027-05-19,575,438,0.0051,128_402.96,25_305_454.88,-,-,-
2027-05-20,576,437,0.0051,129_057.82,25_434_512.70,-,-,-
2027-05-21,577,436,0.0051,129_716.01,25_564_228.72,-,-,-
2027-05-24,578,435,0.0051,130_377.57,25_694_606.28,-,-,-
2027-05-25,579,434,0.0051,131_042.49,25_825_648.78,-,-,-
2027-05-26,580,433,0.0051,131_710.81,25_957_359.58,-,-,-
2027-05-27,581,432,0.0051,132_382.53,26_089_742.12,-,-,-
2027-05-28,582,431,0.0051,133_057.68,26_222_799.80,-,-,-
2027-05-31,583,430,0.0051,133_736.28,26_356_536.08,-,-,-
2027-06-01,584,429,0.0051,134_418.33,26_490_954.42,-,-,-
2027-06-02,585,428,0.0051,135_103.87,26_626_058.28,-,-,-
2027-06-03,586,427,0.0051,135_792.90,26_761_851.18,-,-,-
2027-06-04,587,426,0.0051,136_485.44,26_898_336.62,-,-,-
2027-06-07,588,425,0.0051,137_181.52,27_035_518.14,-,-,-
2027-06-08,589,424,0.0051,137_881.14,27_173_399.28,-,-,-
2027-06-09,590,423,0.0051,138_584.34,27_311_983.62,-,-,-
2027-06-10,591,422,0.0051,139_291.12,27_451_274.73,-,-,-
2027-06-11,592,421,0.0051,140_001.50,27_591_276.24,-,-,-
2027-06-14,593,420,0.0051,140_715.51,27_731_991.74,-,-,-
2027-06-15,594,419,0.0051,141_433.16,27_873_424.90,-,-,-
2027-06-16,595,418,0.0051,142_154.47,28_015_579.37,-,-,-
2027-06-17,596,417,0.0051,142_879.45,28_158_458.82,-,-,-
2027-06-18,597,416,0.0051,143_608.14,28_302_066.96,-,-,-
2027-06-21,598,415,0.0051,144_340.54,28_446_407.51,-,-,-
2027-06-22,599,414,0.0051,145_076.68,28_591_484.18,-,-,-
2027-06-23,600,413,0.0051,145_816.57,28_737_300.75,-,-,-
2027-06-24,601,412,0.0051,146_560.23,28_883_860.99,-,-,-
2027-06-25,602,411,0.0051,147_307.69,29_031_168.68,-,-,-
2027-06-28,603,410,0.0051,148_058.96,29_179_227.64,-,-,-
2027-06-29,604,409,0.0051,148_814.06,29_328_041.70,-,-,-
2027-06-30,605,408,0.0051,149_573.01,29_477_614.71,-,-,-
2027-07-01,606,407,0.0051,150_335.84,29_627_950.55,-,-,-
2027-07-02,607,406,0.0051,151_102.55,29_779_053.09,-,-,-
2027-07-05,608,405,0.0051,151_873.17,29_930_926.27,-,-,-
2027-07-06,609,404,0.0051,152_647.72,30_083_573.99,-,-,-
2027-07-07,610,403,0.0051,153_426.23,30_237_000.22,-,-,-
2027-07-08,611,402,0.0051,154_208.70,30_391_208.92,-,-,-
2027-07-09,612,401,0.0051,154_995.17,30_546_204.08,-,-,-
2027-07-12,613,400,0.0051,155_785.64,30_701_989.72,-,-,-
2027-07-13,614,399,0.0051,156_580.15,30_858_569.87,-,-,-
2027-07-14,615,398,0.0051,157_378.71,31_015_948.58,-,-,-
2027-07-15,616,397,0.0051,158_181.34,31_174_129.92,-,-,-
2027-07-16,617,396,0.0051,158_988.06,31_333_117.98,-,-,-
2027-07-19,618,395,0.0051,159_798.90,31_492_916.88,-,-,-
2027-07-20,619,394,0.0051,160_613.88,31_653_530.76,-,-,-
2027-07-21,620,393,0.0051,161_433.01,31_814_963.76,-,-,-
2027-07-22,621,392,0.0051,162_256.32,31_977_220.08,-,-,-
2027-07-23,622,391,0.0051,163_083.82,32_140_303.90,-,-,-
2027-07-26,623,390,0.0051,163_915.55,32_304_219.45,-,-,-
2027-07-27,624,389,0.0051,164_751.52,32_468_970.97,-,-,-
2027-07-28,625,388,0.0051,165_591.75,32_634_562.72,-,-,-
2027-07-29,626,387,0.0051,166_436.27,32_800_998.99,-,-,-
2027-07-30,627,386,0.0051,167_285.09,32_968_284.09,-,-,-
2027-08-02,628,385,0.0051,168_138.25,33_136_422.33,-,-,-
2027-08-03,629,384,0.0051,168_995.75,33_305_418.09,-,-,-
2027-08-04,630,383,0.0051,169_857.63,33_475_275.72,-,-,-
2027-08-05,631,382,0.0051,170_723.91,33_645_999.63,-,-,-
2027-08-06,632,381,0.0051,171_594.60,33_817_594.23,-,-,-
2027-08-09,633,380,0.0051,172_469.73,33_990_063.96,-,-,-
2027-08-10,634,379,0.0051,173_349.33,34_163_413.28,-,-,-
2027-08-11,635,378,0.0051,174_233.41,34_337_646.69,-,-,-
2027-08-12,636,377,0.0051,175_122.00,34_512_768.69,-,-,-
2027-08-13,637,376,0.0051,176_015.12,34_688_783.81,-,-,-
2027-08-16,638,375,0.0051,176_912.80,34_865_696.61,-,-,-
2027-08-17,639,374,0.0051,177_815.05,35_043_511.66,-,-,-
2027-08-18,640,373,0.0051,178_721.91,35_222_233.57,-,-,-
2027-08-19,641,372,0.0051,179_633.39,35_401_866.96,-,-,-
2027-08-20,642,371,0.0051,180_549.52,35_582_416.48,-,-,-
2027-08-23,643,370,0.0051,181_470.32,35_763_886.80,-,-,-
2027-08-24,644,369,0.0051,182_395.82,35_946_282.63,-,-,-
2027-08-25,645,368,0.0051,183_326.04,36_129_608.67,-,-,-
2027-08-26,646,367,0.0051,184_261.00,36_313_869.67,-,-,-
2027-08-27,647,366,0.0051,185_200.74,36_499_070.41,-,-,-
2027-08-30,648,365,0.0051,186_145.26,36_685_215.67,-,-,-
2027-08-31,649,364,0.0051,187_094.60,36_872_310.27,-,-,-
2027-09-01,650,363,0.0051,188_048.78,37_060_359.05,-,-,-
2027-09-02,651,362,0.0051,189_007.83,37_249_366.88,-,-,-
2027-09-03,652,361,0.0051,189_971.77,37_439_338.65,-,-,-
2027-09-06,653,360,0.0051,190_940.63,37_630_279.28,-,-,-
2027-09-07,654,359,0.0051,191_914.42,37_822_193.70,-,-,-
2027-09-08,655,358,0.0051,192_893.19,38_015_086.89,-,-,-
2027-09-09,656,357,0.0051,193_876.94,38_208_963.83,-,-,-
2027-09-10,657,356,0.0051,194_865.72,38_403_829.55,-,-,-
2027-09-13,658,355,0.0051,195_859.53,38_599_689.08,-,-,-
2027-09-14,659,354,0.0051,196_858.41,38_796_547.49,-,-,-
2027-09-15,660,353,0.0051,197_862.39,38_994_409.89,-,-,-
2027-09-16,661,352,0.0051,198_871.49,39_193_281.38,-,-,-
2027-09-17,662,351,0.0051,199_885.74,39_393_167.11,-,-,-
2027-09-20,663,350,0.0051,200_905.15,39_594_072.26,-,-,-
2027-09-21,664,349,0.0051,201_929.77,39_796_002.03,-,-,-
2027-09-22,665,348,0.0051,202_959.61,39_998_961.64,-,-,-
2027-09-23,666,347,0.0051,203_994.70,40_202_956.35,-,-,-
2027-09-24,667,346,0.0051,205_035.08,40_407_991.43,-,-,-
2027-09-27,668,345,0.0051,206_080.76,40_614_072.18,-,-,-
2027-09-28,669,344,0.0051,207_131.77,40_821_203.95,-,-,-
2027-09-29,670,343,0.0051,208_188.14,41_029_392.09,-,-,-
2027-09-30,671,342,0.0051,209_249.90,41_238_641.99,-,-,-
2027-10-01,672,341,0.0051,210_317.07,41_448_959.06,-,-,-
2027-10-04,673,340,0.0051,211_389.69,41_660_348.76,-,-,-
2027-10-05,674,339,0.0051,212_467.78,41_872_816.53,-,-,-
2027-10-06,675,338,0.0051,213_551.36,42_086_367.90,-,-,-
2027-10-07,676,337,0.0051,214_640.48,42_301_008.37,-,-,-
2027-10-08,677,336,0.0051,215_735.14,42_516_743.52,-,-,-
2027-10-11,678,335,0.0051,216_835.39,42_733_578.91,-,-,-
2027-10-12,679,334,0.0051,217_941.25,42_951_520.16,-,-,-
2027-10-13,680,333,0.0051,219_052.75,43_170_572.91,-,-,-
2027-10-14,681,332,0.0051,220_169.92,43_390_742.84,-,-,-
2027-10-15,682,331,0.0051,221_292.79,43_612_035.62,-,-,-
2027-10-18,683,330,0.0051,222_421.38,43_834_457.01,-,-,-
2027-10-19,684,329,0.0051,223_555.73,44_058_012.74,-,-,-
2027-10-20,685,328,0.0051,224_695.86,44_282_708.60,-,-,-
2027-10-21,686,327,0.0051,225_841.81,44_508_550.42,-,-,-
2027-10-22,687,326,0.0051,226_993.61,44_735_544.02,-,-,-
2027-10-25,688,325,0.0051,228_151.27,44_963_695.30,-,-,-
2027-10-26,689,324,0.0051,229_314.85,45_193_010.14,-,-,-
2027-10-27,690,323,0.0051,230_484.35,45_423_494.50,-,-,-
2027-10-28,691,322,0.0051,231_659.82,45_655_154.32,-,-,-
2027-10-29,692,321,0.0051,232_841.29,45_887_995.60,-,-,-
2027-11-01,693,320,0.0051,234_028.78,46_122_024.38,-,-,-
2027-11-02,694,319,0.0051,235_222.32,46_357_246.71,-,-,-
2027-11-03,695,318,0.0051,236_421.96,46_593_668.66,-,-,-
2027-11-04,696,317,0.0051,237_627.71,46_831_296.37,-,-,-
2027-11-05,697,316,0.0051,238_839.61,47_070_135.99,-,-,-
2027-11-08,698,315,0.0051,240_057.69,47_310_193.68,-,-,-
2027-11-09,699,314,0.0051,241_281.99,47_551_475.67,-,-,-
2027-11-10,700,313,0.0051,242_512.53,47_793_988.19,-,-,-
2027-11-11,701,312,0.0051,243_749.34,48_037_737.53,-,-,-
2027-11-12,702,311,0.0051,244_992.46,48_282_729.99,-,-,-
2027-11-15,703,310,0.0051,246_241.92,48_528_971.92,-,-,-
2027-11-16,704,309,0.0051,247_497.76,48_776_469.67,-,-,-
2027-11-17,705,308,0.0051,248_760.00,49_025_229.67,-,-,-
2027-11-18,706,307,0.0051,250_028.67,49_275_258.34,-,-,-
2027-11-19,707,306,0.0051,251_303.82,49_526_562.16,-,-,-
2027-11-22,708,305,0.0051,252_585.47,49_779_147.63,-,-,-
2027-11-23,709,304,0.0051,253_873.65,50_033_021.28,-,-,-
2027-11-24,710,303,0.0051,255_168.41,50_288_189.69,-,-,-
2027-11-25,711,302,0.0051,256_469.77,50_544_659.45,-,-,-
2027-11-26,712,301,0.0051,257_777.76,50_802_437.22,-,-,-
2027-11-29,713,300,0.0051,259_092.43,51_061_529.65,-,-,-
2027-11-30,714,299,0.0051,260_413.80,51_321_943.45,-,-,-
2027-12-01,715,298,0.0051,261_741.91,51_583_685.36,-,-,-
2027-12-02,716,297,0.0051,263_076.80,51_846_762.16,-,-,-
2027-12-03,717,296,0.0051,264_418.49,52_111_180.64,-,-,-
2027-12-06,718,295,0.0051,265_767.02,52_376_947.66,-,-,-
2027-12-07,719,294,0.0051,267_122.43,52_644_070.10,-,-,-
2027-12-08,720,293,0.0051,268_484.76,52_912_554.85,-,-,-
2027-12-09,721,292,0.0051,269_854.03,53_182_408.88,-,-,-
2027-12-10,722,291,0.0051,271_230.29,53_453_639.17,-,-,-
2027-12-13,723,290,0.0051,272_613.56,53_726_252.73,-,-,-
2027-12-14,724,289,0.0051,274_003.89,54_000_256.62,-,-,-
2027-12-15,725,288,0.0051,275_401.31,54_275_657.93,-,-,-
2027-12-16,726,287,0.0051,276_805.86,54_552_463.78,-,-,-
2027-12-17,727,286,0.0051,278_217.57,54_830_681.35,-,-,-
2027-12-20,728,285,0.0051,279_636.47,55_110_317.82,-,-,-
2027-12-21,729,284,0.0051,281_062.62,55_391_380.44,-,-,-
2027-12-22,730,283,0.0051,282_496.04,55_673_876.48,-,-,-
2027-12-23,731,282,0.0051,283_936.77,55_957_813.25,-,-,-
2027-12-24,732,281,0.0051,285_384.85,56_243_198.10,-,-,-
2027-12-27,733,280,0.0051,286_840.31,56_530_038.41,-,-,-
2027-12-28,734,279,0.0051,288_303.20,56_818_341.61,-,-,-
2027-12-29,735,278,0.0051,289_773.54,57_108_115.15,-,-,-
2027-12-30,736,277,0.0051,291_251.39,57_399_366.54,-,-,-
2027-12-31,737,276,0.0051,292_736.77,57_692_103.31,-,-,-
2028-01-03,738,275,0.0051,294_229.73,57_986_333.03,-,-,-
2028-01-04,739,274,0.0051,295_730.30,58_282_063.33,-,-,-
2028-01-05,740,273,0.0051,297_238.52,58_579_301.85,-,-,-
2028-01-06,741,272,0.0051,298_754.44,58_878_056.29,-,-,-
2028-01-07,742,271,0.0051,300_278.09,59_178_334.38,-,-,-
2028-01-10,743,270,0.0051,301_809.51,59_480_143.89,-,-,-
2028-01-11,744,269,0.0051,303_348.73,59_783_492.62,-,-,-
2028-01-12,745,268,0.0051,304_895.81,60_088_388.43,-,-,-
2028-01-13,746,267,0.0051,306_450.78,60_394_839.21,-,-,-
2028-01-14,747,266,0.0051,308_013.68,60_702_852.89,-,-,-
2028-01-17,748,265,0.0051,309_584.55,61_012_437.44,-,-,-
2028-01-18,749,264,0.0051,311_163.43,61_323_600.87,-,-,-
2028-01-19,750,263,0.0051,312_750.36,61_636_351.24,-,-,-
2028-01-20,751,262,0.0051,314_345.39,61_950_696.63,-,-,-
2028-01-21,752,261,0.0051,315_948.55,62_266_645.18,-,-,-
2028-01-24,753,260,0.0051,317_559.89,62_584_205.07,-,-,-
2028-01-25,754,259,0.0051,319_179.45,62_903_384.52,-,-,-
2028-01-26,755,258,0.0051,320_807.26,63_224_191.78,-,-,-
2028-01-27,756,257,0.0051,322_443.38,63_546_635.16,-,-,-
2028-01-28,757,256,0.0051,324_087.84,63_870_723.00,-,-,-
2028-01-31,758,255,0.0051,325_740.69,64_196_463.68,-,-,-
2028-02-01,759,254,0.0051,327_401.96,64_523_865.65,-,-,-
2028-02-02,760,253,0.0051,329_071.71,64_852_937.36,-,-,-
2028-02-03,761,252,0.0051,330_749.98,65_183_687.34,-,-,-
2028-02-04,762,251,0.0051,332_436.81,65_516_124.15,-,-,-
2028-02-07,763,250,0.0051,334_132.23,65_850_256.38,-,-,-
2028-02-08,764,249,0.0051,335_836.31,66_186_092.69,-,-,-
2028-02-09,765,248,0.0051,337_549.07,66_523_641.76,-,-,-
2028-02-10,766,247,0.0051,339_270.57,66_862_912.34,-,-,-
2028-02-11,767,246,0.0051,341_000.85,67_203_913.19,-,-,-
2028-02-14,768,245,0.0051,342_739.96,67_546_653.15,-,-,-
2028-02-15,769,244,0.0051,344_487.93,67_891_141.08,-,-,-
2028-02-16,770,243,0.0051,346_244.82,68_237_385.90,-,-,-
2028-02-17,771,242,0.0051,348_010.67,68_585_396.57,-,-,-
2028-02-18,772,241,0.0051,349_785.52,68_935_182.09,-,-,-
2028-02-21,773,240,0.0051,351_569.43,69_286_751.52,-,-,-
2028-02-22,774,239,0.0051,353_362.43,69_640_113.95,-,-,-
2028-02-23,775,238,0.0051,355_164.58,69_995_278.53,-,-,-
2028-02-24,776,237,0.0051,356_975.92,70_352_254.45,-,-,-
2028-02-25,777,236,0.0051,358_796.50,70_711_050.95,-,-,-
2028-02-28,778,235,0.0051,360_626.36,71_071_677.31,-,-,-
2028-02-29,779,234,0.0051,362_465.55,71_434_142.86,-,-,-
2028-03-01,780,233,0.0051,364_314.13,71_798_456.99,-,-,-
2028-03-02,781,232,0.0051,366_172.13,72_164_629.12,-,-,-
2028-03-03,782,231,0.0051,368_039.61,72_532_668.73,-,-,-
2028-03-06,783,230,0.0051,369_916.61,72_902_585.34,-,-,-
2028-03-07,784,229,0.0051,371_803.19,73_274_388.53,-,-,-
2028-03-08,785,228,0.0051,373_699.38,73_648_087.91,-,-,-
2028-03-09,786,227,0.0051,375_605.25,74_023_693.16,-,-,-
2028-03-10,787,226,0.0051,377_520.84,74_401_213.99,-,-,-
2028-03-13,788,225,0.0051,379_446.19,74_780_660.18,-,-,-
2028-03-14,789,224,0.0051,381_381.37,75_162_041.55,-,-,-
2028-03-15,790,223,0.0051,383_326.41,75_545_367.96,-,-,-
2028-03-16,791,222,0.0051,385_281.38,75_930_649.34,-,-,-
2028-03-17,792,221,0.0051,387_246.31,76_317_895.65,-,-,-
2028-03-20,793,220,0.0051,389_221.27,76_707_116.92,-,-,-
2028-03-21,794,219,0.0051,391_206.30,77_098_323.21,-,-,-
2028-03-22,795,218,0.0051,393_201.45,77_491_524.66,-,-,-
2028-03-23,796,217,0.0051,395_206.78,77_886_731.44,-,-,-
2028-03-24,797,216,0.0051,397_222.33,78_283_953.77,-,-,-
2028-03-27,798,215,0.0051,399_248.16,78_683_201.93,-,-,-
2028-03-28,799,214,0.0051,401_284.33,79_084_486.26,-,-,-
2028-03-29,800,213,0.0051,403_330.88,79_487_817.14,-,-,-
2028-03-30,801,212,0.0051,405_387.87,79_893_205.01,-,-,-
2028-03-31,802,211,0.0051,407_455.35,80_300_660.36,-,-,-
2028-04-03,803,210,0.0051,409_533.37,80_710_193.72,-,-,-
2028-04-04,804,209,0.0051,411_621.99,81_121_815.71,-,-,-
2028-04-05,805,208,0.0051,413_721.26,81_535_536.97,-,-,-
2028-04-06,806,207,0.0051,415_831.24,81_951_368.21,-,-,-
2028-04-07,807,206,0.0051,417_951.98,82_369_320.19,-,-,-
2028-04-10,808,205,0.0051,420_083.53,82_789_403.72,-,-,-
2028-04-11,809,204,0.0051,422_225.96,83_211_629.68,-,-,-
2028-04-12,810,203,0.0051,424_379.31,83_636_008.99,-,-,-
2028-04-13,811,202,0.0051,426_543.65,84_062_552.64,-,-,-
2028-04-14,812,201,0.0051,428_719.02,84_491_271.66,-,-,-
2028-04-17,813,200,0.0051,430_905.49,84_922_177.14,-,-,-
2028-04-18,814,199,0.0051,433_103.10,85_355_280.24,-,-,-
2028-04-19,815,198,0.0051,435_311.93,85_790_592.17,-,-,-
2028-04-20,816,197,0.0051,437_532.02,86_228_124.19,-,-,-
2028-04-21,817,196,0.0051,439_763.43,86_667_887.63,-,-,-
2028-04-24,818,195,0.0051,442_006.23,87_109_893.85,-,-,-
2028-04-25,819,194,0.0051,444_260.46,87_554_154.31,-,-,-
2028-04-26,820,193,0.0051,446_526.19,88_000_680.50,-,-,-
2028-04-27,821,192,0.0051,448_803.47,88_449_483.97,-,-,-
2028-04-28,822,191,0.0051,451_092.37,88_900_576.34,-,-,-
2028-05-01,823,190,0.0051,453_392.94,89_353_969.28,-,-,-
2028-05-02,824,189,0.0051,455_705.24,89_809_674.52,-,-,-
2028-05-03,825,188,0.0051,458_029.34,90_267_703.86,-,-,-
2028-05-04,826,187,0.0051,460_365.29,90_728_069.15,-,-,-
2028-05-05,827,186,0.0051,462_713.15,91_190_782.30,-,-,-
2028-05-08,828,185,0.0051,465_072.99,91_655_855.29,-,-,-
2028-05-09,829,184,0.0051,467_444.86,92_123_300.16,-,-,-
2028-05-10,830,183,0.0051,469_828.83,92_593_128.99,-,-,-
2028-05-11,831,182,0.0051,472_224.96,93_065_353.94,-,-,-
2028-05-12,832,181,0.0051,474_633.31,93_539_987.25,-,-,-
2028-05-15,833,180,0.0051,477_053.93,94_017_041.18,-,-,-
2028-05-16,834,179,0.0051,479_486.91,94_496_528.09,-,-,-
2028-05-17,835,178,0.0051,481_932.29,94_978_460.39,-,-,-
2028-05-18,836,177,0.0051,484_390.15,95_462_850.54,-,-,-
2028-05-19,837,176,0.0051,486_860.54,95_949_711.07,-,-,-
2028-05-22,838,175,0.0051,489_343.53,96_439_054.60,-,-,-
2028-05-23,839,174,0.0051,491_839.18,96_930_893.78,-,-,-
2028-05-24,840,173,0.0051,494_347.56,97_425_241.34,-,-,-
2028-05-25,841,172,0.0051,496_868.73,97_922_110.07,-,-,-
2028-05-26,842,171,0.0051,499_402.76,98_421_512.83,-,-,-
2028-05-29,843,170,0.0051,501_949.72,98_923_462.54,-,-,-
2028-05-30,844,169,0.0051,504_509.66,99_427_972.20,-,-,-
2028-05-31,845,168,0.0051,507_082.66,99_935_054.86,-,-,-
2028-06-01,846,167,0.0051,509_668.78,100_444_723.64,-,-,-
2028-06-02,847,166,0.0051,512_268.09,100_956_991.73,-,-,-
2028-06-05,848,165,0.0051,514_880.66,101_471_872.39,-,-,-
2028-06-06,849,164,0.0051,517_506.55,101_989_378.94,-,-,-
2028-06-07,850,163,0.0051,520_145.83,102_509_524.77,-,-,-
2028-06-08,851,162,0.0051,522_798.58,103_032_323.35,-,-,-
2028-06-09,852,161,0.0051,525_464.85,103_557_788.20,-,-,-
2028-06-12,853,160,0.0051,528_144.72,104_085_932.92,-,-,-
2028-06-13,854,159,0.0051,530_838.26,104_616_771.17,-,-,-
2028-06-14,855,158,0.0051,533_545.53,105_150_316.71,-,-,-
2028-06-15,856,157,0.0051,536_266.62,105_686_583.32,-,-,-
2028-06-16,857,156,0.0051,539_001.57,106_225_584.90,-,-,-
2028-06-19,858,155,0.0051,541_750.48,106_767_335.38,-,-,-
2028-06-20,859,154,0.0051,544_513.41,107_311_848.79,-,-,-
2028-06-21,860,153,0.0051,547_290.43,107_859_139.22,-,-,-
2028-06-22,861,152,0.0051,550_081.61,108_409_220.83,-,-,-
2028-06-23,862,151,0.0051,552_887.03,108_962_107.86,-,-,-
2028-06-26,863,150,0.0051,555_706.75,109_517_814.61,-,-,-
2028-06-27,864,149,0.0051,558_540.85,110_076_355.46,-,-,-
2028-06-28,865,148,0.0051,561_389.41,110_637_744.87,-,-,-
2028-06-29,866,147,0.0051,564_252.50,111_201_997.37,-,-,-
2028-06-30,867,146,0.0051,567_130.19,111_769_127.56,-,-,-
2028-07-03,868,145,0.0051,570_022.55,112_339_150.11,-,-,-
2028-07-04,869,144,0.0051,572_929.67,112_912_079.77,-,-,-
2028-07-05,870,143,0.0051,575_851.61,113_487_931.38,-,-,-
2028-07-06,871,142,0.0051,578_788.45,114_066_719.83,-,-,-
2028-07-07,872,141,0.0051,581_740.27,114_648_460.10,-,-,-
2028-07-10,873,140,0.0051,584_707.15,115_233_167.25,-,-,-
2028-07-11,874,139,0.0051,587_689.15,115_820_856.40,-,-,-
2028-07-12,875,138,0.0051,590_686.37,116_411_542.77,-,-,-
2028-07-13,876,137,0.0051,593_698.87,117_005_241.64,-,-,-
2028-07-14,877,136,0.0051,596_726.73,117_601_968.37,-,-,-
2028-07-17,878,135,0.0051,599_770.04,118_201_738.41,-,-,-
2028-07-18,879,134,0.0051,602_828.87,118_804_567.27,-,-,-
2028-07-19,880,133,0.0051,605_903.29,119_410_470.57,-,-,-
2028-07-20,881,132,0.0051,608_993.40,120_019_463.97,-,-,-
2028-07-21,882,131,0.0051,612_099.27,120_631_563.23,-,-,-
2028-07-24,883,130,0.0051,615_220.97,121_246_784.21,-,-,-
2028-07-25,884,129,0.0051,618_358.60,121_865_142.81,-,-,-
2028-07-26,885,128,0.0051,621_512.23,122_486_655.03,-,-,-
2028-07-27,886,127,0.0051,624_681.94,123_111_336.97,-,-,-
2028-07-28,887,126,0.0051,627_867.82,123_739_204.79,-,-,-
2028-07-31,888,125,0.0051,631_069.94,124_370_274.74,-,-,-
2028-08-01,889,124,0.0051,634_288.40,125_004_563.14,-,-,-
2028-08-02,890,123,0.0051,637_523.27,125_642_086.41,-,-,-
2028-08-03,891,122,0.0051,640_774.64,126_282_861.05,-,-,-
2028-08-04,892,121,0.0051,644_042.59,126_926_903.64,-,-,-
2028-08-07,893,120,0.0051,647_327.21,127_574_230.85,-,-,-
2028-08-08,894,119,0.0051,650_628.58,128_224_859.43,-,-,-
2028-08-09,895,118,0.0051,653_946.78,128_878_806.21,-,-,-
2028-08-10,896,117,0.0051,657_281.91,129_536_088.12,-,-,-
2028-08-11,897,116,0.0051,660_634.05,130_196_722.17,-,-,-
2028-08-14,898,115,0.0051,664_003.28,130_860_725.46,-,-,-
2028-08-15,899,114,0.0051,667_389.70,131_528_115.16,-,-,-
2028-08-16,900,113,0.0051,670_793.39,132_198_908.54,-,-,-
2028-08-17,901,112,0.0051,674_214.43,132_873_122.98,-,-,-
2028-08-18,902,111,0.0051,677_652.93,133_550_775.90,-,-,-
2028-08-21,903,110,0.0051,681_108.96,134_231_884.86,-,-,-
2028-08-22,904,109,0.0051,684_582.61,134_916_467.47,-,-,-
2028-08-23,905,108,0.0051,688_073.98,135_604_541.46,-,-,-
2028-08-24,906,107,0.0051,691_583.16,136_296_124.62,-,-,-
2028-08-25,907,106,0.0051,695_110.24,136_991_234.86,-,-,-
2028-08-28,908,105,0.0051,698_655.30,137_689_890.15,-,-,-
2028-08-29,909,104,0.0051,702_218.44,138_392_108.59,-,-,-
2028-08-30,910,103,0.0051,705_799.75,139_097_908.35,-,-,-
2028-08-31,911,102,0.0051,709_399.33,139_807_307.68,-,-,-
2028-09-01,912,101,0.0051,713_017.27,140_520_324.95,-,-,-
2028-09-04,913,100,0.0051,716_653.66,141_236_978.61,-,-,-
2028-09-05,914,99,0.0051,720_308.59,141_957_287.20,-,-,-
2028-09-06,915,98,0.0051,723_982.16,142_681_269.36,-,-,-
2028-09-07,916,97,0.0051,727_674.47,143_408_943.83,-,-,-
2028-09-08,917,96,0.0051,731_385.61,144_140_329.45,-,-,-
2028-09-11,918,95,0.0051,735_115.68,144_875_445.13,-,-,-
2028-09-12,919,94,0.0051,738_864.77,145_614_309.90,-,-,-
2028-09-13,920,93,0.0051,742_632.98,146_356_942.88,-,-,-
2028-09-14,921,92,0.0051,746_420.41,147_103_363.29,-,-,-
2028-09-15,922,91,0.0051,750_227.15,147_853_590.44,-,-,-
2028-09-18,923,90,0.0051,754_053.31,148_607_643.75,-,-,-
2028-09-19,924,89,0.0051,757_898.98,149_365_542.73,-,-,-
2028-09-20,925,88,0.0051,761_764.27,150_127_307.00,-,-,-
2028-09-21,926,87,0.0051,765_649.27,150_892_956.27,-,-,-
2028-09-22,927,86,0.0051,769_554.08,151_662_510.35,-,-,-
2028-09-25,928,85,0.0051,773_478.80,152_435_989.15,-,-,-
2028-09-26,929,84,0.0051,777_423.54,153_213_412.69,-,-,-
2028-09-27,930,83,0.0051,781_388.40,153_994_801.10,-,-,-
2028-09-28,931,82,0.0051,785_373.49,154_780_174.58,-,-,-
2028-09-29,932,81,0.0051,789_378.89,155_569_553.47,-,-,-
2028-10-02,933,80,0.0051,793_404.72,156_362_958.20,-,-,-
2028-10-03,934,79,0.0051,797_451.09,157_160_409.28,-,-,-
2028-10-04,935,78,0.0051,801_518.09,157_961_927.37,-,-,-
2028-10-05,936,77,0.0051,805_605.83,158_767_533.20,-,-,-
2028-10-06,937,76,0.0051,809_714.42,159_577_247.62,-,-,-
2028-10-09,938,75,0.0051,813_843.96,160_391_091.58,-,-,-
2028-10-10,939,74,0.0051,817_994.57,161_209_086.15,-,-,-
2028-10-11,940,73,0.0051,822_166.34,162_031_252.49,-,-,-
2028-10-12,941,72,0.0051,826_359.39,162_857_611.88,-,-,-
2028-10-13,942,71,0.0051,830_573.82,163_688_185.70,-,-,-
2028-10-16,943,70,0.0051,834_809.75,164_522_995.44,-,-,-
2028-10-17,944,69,0.0051,839_067.28,165_362_062.72,-,-,-
2028-10-18,945,68,0.0051,843_346.52,166_205_409.24,-,-,-
2028-10-19,946,67,0.0051,847_647.59,167_053_056.83,-,-,-
2028-10-20,947,66,0.0051,851_970.59,167_905_027.42,-,-,-
2028-10-23,948,65,0.0051,856_315.64,168_761_343.06,-,-,-
2028-10-24,949,64,0.0051,860_682.85,169_622_025.91,-,-,-
2028-10-25,950,63,0.0051,865_072.33,170_487_098.24,-,-,-
2028-10-26,951,62,0.0051,869_484.20,171_356_582.44,-,-,-
2028-10-27,952,61,0.0051,873_918.57,172_230_501.01,-,-,-
2028-10-30,953,60,0.0051,878_375.56,173_108_876.57,-,-,-
2028-10-31,954,59,0.0051,882_855.27,173_991_731.84,-,-,-
2028-11-01,955,58,0.0051,887_357.83,174_879_089.67,-,-,-
2028-11-02,956,57,0.0051,891_883.36,175_770_973.03,-,-,-
2028-11-03,957,56,0.0051,896_431.96,176_667_404.99,-,-,-
2028-11-06,958,55,0.0051,901_003.77,177_568_408.75,-,-,-
2028-11-07,959,54,0.0051,905_598.88,178_474_007.64,-,-,-
2028-11-08,960,53,0.0051,910_217.44,179_384_225.08,-,-,-
2028-11-09,961,52,0.0051,914_859.55,180_299_084.63,-,-,-
2028-11-10,962,51,0.0051,919_525.33,181_218_609.96,-,-,-
2028-11-13,963,50,0.0051,924_214.91,182_142_824.87,-,-,-
2028-11-14,964,49,0.0051,928_928.41,183_071_753.27,-,-,-
2028-11-15,965,48,0.0051,933_665.94,184_005_419.22,-,-,-
2028-11-16,966,47,0.0051,938_427.64,184_943_846.85,-,-,-
2028-11-17,967,46,0.0051,943_213.62,185_887_060.47,-,-,-
2028-11-20,968,45,0.0051,948_024.01,186_835_084.48,-,-,-
2028-11-21,969,44,0.0051,952_858.93,187_787_943.41,-,-,-
2028-11-22,970,43,0.0051,957_718.51,188_745_661.92,-,-,-
2028-11-23,971,42,0.0051,962_602.88,189_708_264.80,-,-,-
2028-11-24,972,41,0.0051,967_512.15,190_675_776.95,-,-,-
2028-11-27,973,40,0.0051,972_446.46,191_648_223.41,-,-,-
2028-11-28,974,39,0.0051,977_405.94,192_625_629.35,-,-,-
2028-11-29,975,38,0.0051,982_390.71,193_608_020.06,-,-,-
2028-11-30,976,37,0.0051,987_400.90,194_595_420.96,-,-,-
2028-12-01,977,36,0.0051,992_436.65,195_587_857.61,-,-,-
2028-12-04,978,35,0.0051,997_498.07,196_585_355.68,-,-,-
2028-12-05,979,34,0.0051,1_002_585.31,197_587_941.00,-,-,-
2028-12-06,980,33,0.0051,1_007_698.50,198_595_639.50,-,-,-
2028-12-07,981,32,0.0051,1_012_837.76,199_608_477.26,-,-,-
2028-12-08,982,31,0.0051,1_018_003.23,200_626_480.49,-,-,-
2028-12-11,983,30,0.0051,1_023_195.05,201_649_675.54,-,-,-
2028-12-12,984,29,0.0051,1_028_413.35,202_678_088.89,-,-,-
2028-12-13,985,28,0.0051,1_033_658.25,203_711_747.14,-,-,-
2028-12-14,986,27,0.0051,1_038_929.91,204_750_677.05,-,-,-
2028-12-15,987,26,0.0051,1_044_228.45,205_794_905.51,-,-,-
2028-12-18,988,25,0.0051,1_049_554.02,206_844_459.52,-,-,-
2028-12-19,989,24,0.0051,1_054_906.74,207_899_366.27,-,-,-
2028-12-20,990,23,0.0051,1_060_286.77,208_959_653.04,-,-,-
2028-12-21,991,22,0.0051,1_065_694.23,210_025_347.27,-,-,-
2028-12-22,992,21,0.0051,1_071_129.27,211_096_476.54,-,-,-
2028-12-25,993,20,0.0051,1_076_592.03,212_173_068.57,-,-,-
2028-12-26,994,19,0.0051,1_082_082.65,213_255_151.22,-,-,-
2028-12-27,995,18,0.0051,1_087_601.27,214_342_752.49,-,-,-
2028-12-28,996,17,0.0051,1_093_148.04,215_435_900.53,-,-,-
2028-12-29,997,16,0.0051,1_098_723.09,216_534_623.62,-,-,-
2029-01-01,998,15,0.0051,1_104_326.58,217_638_950.20,-,-,-
2029-01-02,999,14,0.0051,1_109_958.65,218_748_908.85,-,-,-
2029-01-03,1000,13,0.0051,1_115_619.44,219_864_528.28,-,-,-
2029-01-04,1001,12,0.0051,1_121_309.09,220_985_837.37,-,-,-
2029-01-05,1002,11,0.0051,1_127_027.77,222_112_865.15,-,-,-
2029-01-08,1003,10,0.0051,1_132_775.61,223_245_640.76,-,-,-
2029-01-09,1004,9,0.0051,1_138_552.77,224_384_193.53,-,-,-
2029-01-10,1005,8,0.0051,1_144_359.39,225_528_552.91,-,-,-
2029-01-11,1006,7,0.0051,1_150_195.62,226_678_748.53,-,-,-
2029-01-12,1007,6,0.0051,1_156_061.62,227_834_810.15,-,-,-
2029-01-15,1008,5,0.0051,1_161_957.53,228_996_767.68,-,-,-
2029-01-16,1009,4,0.0051,1_167_883.52,230_164_651.20,-,-,-
2029-01-17,1010,3,0.0051,1_173_839.72,231_338_490.92,-,-,-
2029-01-18,1011,2,0.0051,1_179_826.30,232_518_317.22,-,-,-
2029-01-19,1012,1,0.0051,1_185_843.42,233_704_160.64,-,-,-
